Workbook

Sheet NodeLocationandDistributionofth
A1: Load | B1: Node | C1: Percent | D1: Price
A2: 15 | B2: 18 | C2: 11.7 | D2: 1
A3: 13 | B3: 15 | C3: 11.1 | D3: 2
A4: 11 | B4: 13 | C4: 9.3 | D4: 3
A5: 10 | B5: 10 | C5: 6.8 | D5: 4
A6: 12 | B6: 14 | C6: 6.8 | D6: 5
A7: 16 | B7: 19 | C7: 6.4 | D7: 6
A8: 3 | B8: 3 | C8: 6.3 | D8: 1
A9: 9 | B9: 9 | C9: 6.1 | D9: 2
A10: 8 | B10: 8 | C10: 6 | D10: 3
A11: 6 | B11: 6 | C11: 4.8 | D11: 4
A12: 17 | B12: 20 | C12: 4.5 | D12: 5
A13: 7 | B13: 7 | C13: 4.4 | D13: 6
... A18: 5 | B18: 5 | C18: 2.5 | D18: 5

Sheet LoadProfile-Table3
A1: Hour | B1: Demand
A2: 1 | B2: 1775.835
A3: 2 | B3: 1669.815
A4: 3 | B4: 1590.3
A5: 4 | B5: 1563.795
A6: 5 | B6: 1563.795
A7: 6 | B7: 1590.3
A8: 7 | B8: 1961.37
A9: 8 | B9: 2279.43
A10: 9 | B10: 2517.975
A11: 10 | B11: 2544.48
A12: 11 | B12: 2544.48
A13: 12 | B13: 2517.975
... A25: 24 | B25: 1669.815

Sheet Sheet3
C1: Demand
A2: Load | B2: Node | C2: Percent | D2: Price (A) | E2: Demand | F2: Cumulative Demand | G2: Starting point demand from cumulative | H2: Price
A3: 16 | B3: 19 | C3: 6.4 | D3: 6 | E3: =C3*'LoadProfile-Table3'!$B$2/100 -> 113.65344 | F3: =E3 -> 113.65344 | G3: 0 | H3: =D3 -> 6
A4: 7 | B4: 7 | C4: 4.4 | D4: 6 | E4: =C4*'LoadProfile-Table3'!$B$2/100 -> 78.13674 | F4: =E4+F3 -> 191.79018 | G4: =F3 -> 113.65344 | H4: =D4 -> 6
A5: 12 | B5: 14 | C5: 6.8 | D5: 5 | E5: =C5*'LoadProfile-Table3'!$B$2/100 -> 120.75678 | F5: =E5+F4 -> 312.54696 | G5: =G6 -> 191.79018 | H5: 6
A6: 17 | B6: 20 | C6: 4.5 | D6: 5 | E6: =C6*'LoadProfile-Table3'!$B$2/100 -> 79.912575 | F6: =E6+F5 -> 392.45954 | G6: =F4 -> 191.79018 | H6: =D5 -> 5
A7: 5 | B7: 5 | C7: 2.5 | D7: 5 | E7: =C7*'LoadProfile-Table3'!$B$2/100 -> 44.395875 | F7: =E7+F6 -> 436.85541 | G7: =F5 -> 312.54696 | H7: =D6 -> 5
A8: 10 | B8: 10 | C8: 6.8 | D8: 4 | E8: =C8*'LoadProfile-Table3'!$B$2/100 -> 120.75678 | F8: =E8+F7 -> 557.61219 | G8: =F6 -> 392.45954 | H8: =D7 -> 5
A9: 6 | B9: 6 | C9: 4.8 | D9: 4 | E9: =C9*'LoadProfile-Table3'!$B$2/100 -> 85.24008 | F9: =E9+F8 -> 642.85227 | G9: =G10 -> 436.85541 | H9: 5
A10: 4 | B10: 4 | C10: 2.6 | D10: 4 | E10: =C10*'LoadProfile-Table3'!$B$2/100 -> 46.17171 | F10: =E10+F9 -> 689.02398 | G10: =F7 -> 436.85541 | H10: =D8 -> 4
A11: 11 | B11: 13 | C11: 9.3 | D11: 3 | E11: =C11*'LoadProfile-Table3'!$B$2/100 -> 165.15266 | F11: =E11+F10 -> 854.17664 | G11: =F8 -> 557.61219 | H11: =D9 -> 4
A12: 8 | B12: 8 | C12: 6 | D12: 3 | E12: =C12*'LoadProfile-Table3'!$B$2/100 -> 106.5501 | F12: =E12+F11 -> 960.72674 | G12: =F9 -> 642.85227 | H12: =D10 -> 4
A13: 2 | B13: 2 | C13: 3.4 | D13: 3 | E13: =C13*'LoadProfile-Table3'!$B$2/100 -> 60.37839 | F13: =E13+F12 -> 1021.1051 | G13: =G14 -> 689.02398 | H13: 4
A14: 13 | B14: 15 | C14: 11.1 | D14: 2 | E14: =C14*'LoadProfile-Table3'!$B$2/100 -> 197.11768 | F14: =E14+F13 -> 1218.2228 | G14: =F10 -> 689.02398 | H14: =D11 -> 3
A15: 9 | B15: 9 | C15: 6.1 | D15: 2 | E15: =C15*'LoadProfile-Table3'!$B$2/100 -> 108.32593 | F15: =E15+F14 -> 1326.5487 | G15: =F11 -> 854.17664 | H15: =D12 -> 3
A16: 14 | B16: 16 | C16: 3.5 | D16: 2 | E16: =C16*'LoadProfile-Table3'!$B$2/100 -> 62.154225 | F16: =E16+F15 -> 1388.703 | G16: =F12 -> 960.72674 | H16: =D13 -> 3
A17: 15 | B17: 18 | C17: 11.7 | D17: 1 | E17: =C17*'LoadProfile-Table3'!$B$2/100 -> 207.77269 | F17: =E17+F16 -> 1596.4757 | G17: =G18 -> 1021.1051 | H17: 3
A18: 3 | B18: 3 | C18: 6.3 | D18: 1 | E18: =C18*'LoadProfile-Table3'!$B$2/100 -> 111.87761 | F18: =E18+F17 -> 1708.3533 | G18: =F13 -> 1021.1051 | H18: =D14 -> 2
A19: 1 | B19: 1 | C19: 3.8 | D19: 1 | E19: =C19*'LoadProfile-Table3'!$B$2/100 -> 67.48173 | F19: =E19+F18 -> 1775.835 | G19: =F14 -> 1218.2228 | H19: =D15 -> 2
G20: =F15 -> 1326.5487 | H20: =D16 -> 2
E21: =SUM(E3:E19) -> 1775.835 | G21: =G22 -> 1388.703 | H21: 2
G22: =F16 -> 1388.703 | H22: =D17 -> 1
G23: =F17 -> 1596.4757 | H23: =D18 -> 1
G24: =F18 -> 1708.3533 | H24: =D19 -> 1
C26: Supply

Sheet Sheet1
A1: Node | B1: D # | C1: G # | D1: W #
A2: 1 | B2: 1 | C2: 1
A3: 2 | B3: 2 | C3: 2
A4: 3 | B4: 3 | D4: 1
A5: 4 | B5: 4
A6: 5 | B6: 5 | D6: 2
A7: 6 | B7: 6
A8: 7 | B8: 7 | C8: 3 | D8: 3
A9: 8 | B9: 8
A10: 9 | B10: 9
A11: 10 | B11: 10
A12: 11
A13: 12
A14: 13 | B14: 11
A15: 14 | B15: 12
A16: 15 | B16: 13 | C16: 5,6
A17: 16 | B17: 14 | C17: 7 | D17: 4
A18: 17
A19: 18 | B19: 15 | C19: 8
A20: 19 | B20: 16
A21: 20 | B21: 17
A22: 21 | C22: 9 | D22: 5
A23: 22 | C23: 10
A24: 23 | C24: 11,12 | D24: 6
A25: 24
